{
    "a weekend warrior": [0.17366497134011152, 0.097097052520983523, 0.10005254024946088, 0.10151459903823995, 0.10737885846463878, 0.12057819473895821, 0.29971378364760759],
    "a hump day hero": [0.055993467563560703, 0.1277152541139199, 0.15509137924612401, 0.34376351285779455, 0.15629750914190205, 0.10929362738945111, 0.051845249687247928],
    "a Friday deadliner": [0.12284719796841552, 0.13526660171306296, 0.16169819045909611, 0.18055766898862796, 0.18573846495238178, 0.11571162326043423, 0.098180252657981568],
    "a Friday hacker": [0.063338622967137867, 0.096672308916356073, 0.087278270764421448, 0.098854668890193759, 0.12998757181426887, 0.43964724608382377, 0.084221310563798099],
    "a fulltime hacker": [0.12273680203899826, 0.1301695438196793, 0.136031123700384, 0.13609111729045689, 0.14382569219501584, 0.18004991403506312, 0.15109580692040306],
    "a Sunday driver": [0.61416891583586641, 0.076746903474054703, 0.047262627638060287, 0.055931274835890117, 0.055697044347765769, 0.055229782566220069, 0.094963451302142649],
    "a nine-to-fiver": [0.029943573011144687, 0.16155955621471785, 0.18114057356863583, 0.19426730380304222, 0.21389544669502139, 0.18999165226877707, 0.029201894438661412]
}
